{
    "1": {
        "description": "Access to basic premium commands",
        "can_use_ping": true,
        "can_use_extra": false,
        "can_use_admin": false
    },
    "2": {
        "description": "Extra commands and priority support",
        "can_use_ping": true,
        "can_use_extra": true,
        "can_use_admin": false
    },
    "3": {
        "description": "Full premium access with all features",
        "can_use_ping": true,
        "can_use_extra": true,
        "can_use_admin": false
    },
    "mod": {
        "description": "Moderator access",
        "can_use_ping": true,
        "can_use_extra": true,
        "can_use_admin": false,
        "can_kick": true,
        "can_mute": true,
        "can_warn": true,
        "can_check_warnings": true
    },
    "admin": {
        "description": "Administrator-level access",
        "can_use_ping": true,
        "can_use_extra": true,
        "can_use_admin": true,
        "can_manage_roles": true,
        "can_ban": true,
        "can_kick": true,
        "can_mute": true,
        "can_warn": true,
        "can_check_warnings": true
    }
}
