{
    "33Y14EYMO0IYEDEA": {
        "game": "fn",
        "duration_days": 10,
        "expires_at": "2025-05-28",
        "used": false,
        "issued_by": ".wh3elie.",
        "redeemed_by": null
    },
    "PMQVUREYH60DCBX3": {
        "game": "gtag",
        "duration_days": 10,
        "expires_at": "2025-05-28",
        "used": true,
        "issued_by": ".wh3elie.",
        "redeemed_by": ".wh3elie."
    },
    "2E75OTVS100SVTVP": {
        "game": "r6",
        "duration_days": 1,
        "expires_at": "2025-05-19",
        "used": true,
        "issued_by": ".wh3elie.",
        "redeemed_by": ".wh3elie."
    }
}