{
    "buy": {
        "title": "Buyer Ticket",
        "field1_label": "Product Name",
        "field1_placeholder": "Enter the name of the product you want to buy",
        "field2_label": "Payment Method",
        "field2_placeholder": "Enter Payment here"
    },
    "support": {
        "title": "Support Ticket",
        "field1_label": "Product ID",
        "field1_placeholder": "Enter the product ID",
        "field2_label": "Describe the issue",
        "field2_placeholder": "Explain your problem here"
    },
    "bug": {
        "title": "Bug Report",
        "field1_label": "Product ID",
        "field1_placeholder": "Enter the product ID",
        "field2_label": "Bug Details",
        "field2_placeholder": "Describe the bug"
    }
}
